"data__edit_history_tweet_ids__-","data__author_id","data__public_metrics__retweet_count","data__public_metrics__reply_count","data__public_metrics__like_count","data__public_metrics__quote_count","data__public_metrics__bookmark_count","data__public_metrics__impression_count","data__id","data__created_at","data__text","meta__newest_id","meta__oldest_id","meta__result_count","meta__next_token"
"1866167703414641111","1834814228357697536","0","0","0","0","0","0","1866167703414641111","2024-12-09T17:07:06.000Z","A China abre uma investigação antitruste contra a Nvidia\n\n#Nvidia #China #Antitruste #Mellanox #IA #Chips #Tecnologia #Mercado #Reguladores #Sanções\n\nhttps://t.co/rrx1KgGsnA","1866167703414641111","1866151000471425227","100","b26v89c19zqg8o3frr3tebsaen1zh1ddiz9qvl0qy5im5"
"1866167566877802572","942840730749472768","0","0","0","0","0","2","1866167566877802572","2024-12-09T17:06:34.000Z","📰👨‍💻Recordamos fecha de CIERRE DEL LLAMADO A CONTRIBUCIONES Nº 29: 13 enero 2025👨‍💼💰📈\n🌐Convocatoria completa: https://t.co/NichSdftze\n#RevistaRETOS #SoyUPS #economía #administración #gestiónempresarial #tecnología #estrategiaadministrativa https://t.co/ySSWiPJZAi","","","",""
"1866167219786547280","1850197214439546880","0","0","0","0","0","4","1866167219786547280","2024-12-09T17:05:11.000Z","🚨🤖China ha presentado un robot policial esférico con inteligencia artificial capaz de perseguir criminales. Este robot autónomo puede alcanzar hasta 35 km/h y lanzar redes para inmovilizar a los agresores hasta la llegada de la policía. 🛡️💡 #Tecnología #Innovación #Seguridad https://t.co/lYoU3rZ1Wo","","","",""
"1866167140472279520","1497017620427587584","0","0","0","0","0","4","1866167140472279520","2024-12-09T17:04:52.000Z","Lunes: píldoras sobre Tecnologías Emergentes. Abrazos, Wala. @walaescritor\n\n#tecnología #tecnologia\n#tecnologíasemergentes\n#tecnologiasemergentes\n#inteligenciaartificial\n#inteligencia\n#innovación #innovacion\n#walaescritor https://t.co/lW4nmY0HZd","","","",""
"1866166915007209833","1554839034886688768","141","0","0","0","0","0","1866166915007209833","2024-12-09T17:03:58.000Z","RT @citmacuba: En la #ciencia, la #tecnología, #la #innovación y el #MedioAmbiente está presente el pensamiento de #Fidel, precursor e insp…","","","",""
"1866166530133635095","1791816299259060224","0","0","0","0","0","27","1866166530133635095","2024-12-09T17:02:27.000Z","Noticias interesantes sobre IA en la web:\n🤖 China investiga a NVIDIA por prácticas antimonopolio.\n📽️ OpenAI podría no lanzar SORA Video Generator en la UE inicialmente.\n🔍 Reddit prueba una herramienta de búsqueda conversacional con IA. #InteligenciaArtificial #Tecnología","","","",""
"1866166415453049290","4203228254","0","0","0","0","0","2","1866166415453049290","2024-12-09T17:01:59.000Z","#Video \nAutomatizacion: Caso de uso en manufactura Gestión de productos y proveedores\nhttps://t.co/W5qehtWFqQ\n\n#Scanda #ScandaEsFuerza #TI #Tecnología #TI","","","",""
"1866166311929123247","155855627","0","0","0","0","0","5","1866166311929123247","2024-12-09T17:01:35.000Z","🖥️✨ ¡Descubre el Panel PC táctil de 13.3"" con protección IP65! Ideal para entornos industriales, combina durabilidad y rendimiento. \n\n#PanelPC #Industria #Tecnología #Durabilidad\n\n🔗👇\nhttps://t.co/1xOXG1mhNJ","","","",""
"1866166308909273466","135097543","0","0","0","0","0","0","1866166308909273466","2024-12-09T17:01:34.000Z","¡No pierdas la oportunidad de mejorar tu experiencia! 🌍🔍\nhttps://t.co/dqrmK5iQyT\n\n#NoktaScore #DetectorDeMetales #Aventura #Exploración #CazaDeTesoro #OrcromDetectores #Tecnología #Búsqueda","","","",""
"1866166166307115204","1735768969","0","0","0","0","0","2","1866166166307115204","2024-12-09T17:01:00.000Z","Gestión de servicios de TI con #Ivanti\n¿Y si pudieras solucionar un problema antes de que tus usuarios supieran que lo tienen?\n\nhttps://t.co/JaUogXjg1f\n.\n.\n.\n#Kenos #GrupoScanda #ScandaEsFuerza #TI #Tecnologia #IT https://t.co/xtx53rV9mN","","","",""
"1866165976837898255","1171364214428131329","0","0","0","0","0","3","1866165976837898255","2024-12-09T17:00:15.000Z","¿Cómo se pueden optimizar los cultivos?🤔\n\nA través de #sensores los cuales están revolucionando la #agricultura😀\n\n¿Qué tipos de sensores hay?\nㅤ\nDescubre todas las opciones que la #tecnología te puede ofrecer ➡️ https://t.co/XSoa9cdElC\n\n#AgroTech #Tech #SectorAgro https://t.co/4g6Zpp5sMk","","","",""
"1866165920026267809","53701564","0","0","0","0","0","18","1866165920026267809","2024-12-09T17:00:01.000Z","💻🌐 Hoy celebramos una herramienta que transforma el mundo con innovación, conocimiento y conexión\n\n📱💡 ¡Gracias a quienes la desarrollan y usan para mejorar nuestra vida cotidiana! \n\n#Tecnología #InnovaciónDigital #DíaMundialDeLaInformática https://t.co/VkGoYl9ciz","","","",""
"1866165918415671531","634075172","0","0","0","0","0","1","1866165918415671531","2024-12-09T17:00:01.000Z","«Un buen juego es fácil de aprender pero difícil de dominar». Nolan Bushnell, Fundador de Atari. Ver más: https://t.co/SiRsUGUyU2\n\n#SomosSoluciones #TestimoniosTI #NolanBushnell #Atari #Tecnologías #Tecnología #TIC #Technologies #Technology #Tech #ICT #InformationTechnology #IT https://t.co/psXynKWtKQ","","","",""
"1866165916196639111","81852072","0","0","0","0","0","70","1866165916196639111","2024-12-09T17:00:00.000Z","#Tecnología💻| Gen Z le dice adiós al espionaje\n\nFormar nuevos agentes de inteligencia es hoy un desafío global, especialmente entre la Generación z, quienes han dejado huella digital.\n#ClickAquí 👇\nhttps://t.co/7uC0qSCifb","","","",""
"1866165781450617161","288857381","0","0","0","0","0","2","1866165781450617161","2024-12-09T16:59:28.000Z","""El #chip #Willow es un gran paso en un viaje que comenzó hace más de 10 años"", resume Hartmut Neven, fundador y director de #Google Quantum IA.\n https://t.co/WyILb303tS  #Noticias #ciencia  #Tecnología","","","",""
"1866165749716283483","1854274916339609613","0","0","0","0","0","1","1866165749716283483","2024-12-09T16:59:21.000Z","¿Qué es la Vida? Debatimos el Futuro de la Inteligencia Artificial\n#InteligenciaArtificial #Vida #Filosofía #Tecnología #Ética #Debate #Humanidad #Inovación #Ciencia #Futuro https://t.co/OzHxPOsjd4","","","",""
"1866165517540565011","69471255","0","0","0","0","0","6","1866165517540565011","2024-12-09T16:58:25.000Z","🎉Mañana es el 3er Coloquio de Innovación e Investigación Educativas organizado por el Instituto Politécnico Nacional. \n🎓🚀\n#docentes #maestros #profesores #innovación #tecnologia #innovacióneducativa #educacion #onlineeducations #Tics #inteligenciaartificial #edtech https://t.co/lt51bJip6o","","","",""
"1866165449001460112","1517284973866143744","0","0","0","0","0","2","1866165449001460112","2024-12-09T16:58:09.000Z","🎉Mañana es el 3er Coloquio de Innovación e Investigación Educativas organizado por el Instituto Politécnico Nacional. \n🎓🚀\n#docentes #maestros #profesores #innovación #tecnologia #innovacióneducativa #educacion #onlineeducations #Tics #inteligenciaartificial #edtech https://t.co/e1xVtCtKsu","","","",""
"1866164290069078397","1610996383149850624","0","0","0","0","0","2","1866164290069078397","2024-12-09T16:53:33.000Z","E nem é MEME...🧐👀\n\n#setupgame #comprasonline #Tecnología https://t.co/qqU9Qwivwu","","","",""
"1866164003418099919","188502616","0","0","0","0","0","9","1866164003418099919","2024-12-09T16:52:24.000Z","🤔🤔🤔\n¿Sabes qué es la logística verde? 📑🌐📑\n\nEn nuestro glosario ANIERM te compartimos la definición. 📝📝\n\n#ANIERM #TuEnlaceGlobal #Glosario #Logística #Tecnología #ImpactoAmbiental #OperaciónLogística #CadenaDeSuministro #Transporte #Almacenamiento #Embalaje https://t.co/OH7BEvmUsY","","","",""
"1866163821011759313","1863964110217699329","0","0","1","0","0","0","1866163821011759313","2024-12-09T16:51:41.000Z","La competencia espacial entre EE.UU. y China se intensifica. El Xuntian de China desafía al Hubble, prometiendo avances en la observación de exoplanetas y materia oscura. #CarreraEspacial #Tecnología","","","",""
"1866163209255662048","1846968319041019904","0","0","0","0","0","2","1866163209255662048","2024-12-09T16:49:15.000Z","En Esfoguar nuestro propósito no es solo ofrecer los mejores servicios sino, mantener a la comunidad informada acerca de problemas o errores que nos pueden costar más de lo que creemos \n\n#Seguridad  #Tecnología #esfoguar #consejos https://t.co/Db117BgeKF","","","",""
"1866163095736872973","58046607","0","0","0","0","0","76","1866163095736872973","2024-12-09T16:48:48.000Z","#TECNOLOGÍA TikTok pide paralizar la ley que podría prohibirla en EEUU hasta que llegue Trump https://t.co/RKZNfrkFLM https://t.co/kwiW9iFiOi https://t.co/McodcIuKNo","","","",""
"1866162930565468469","1833064419271770112","0","0","0","0","0","0","1866162930565468469","2024-12-09T16:48:08.000Z","¿Cine hecho con IA? 🤯 El Festival de Cine de Inteligencia Artificial de Busan ya es historia. ¡Descubre lo que pasó! #IA #Cine #Busan #InteligenciaArtificial #FestivalCine #Tecnología #FuturoDelCine\nhttps://t.co/28lOBYCx1p","","","",""
"1866162759488196793","1517284973866143744","0","0","0","0","0","7","1866162759488196793","2024-12-09T16:47:28.000Z","🎥✨ ¡La nueva función de @canva te sorprenderá! 🎨💬\nConócela aquí: https://t.co/Lg8NfgEePA\nObtén una cuenta gratis de Canva aquí: https://t.co/gCGYXi1nx0\n#docentes #maestros #profesores #innovación #tecnologia #innovacióneducativa #Tics #inteligenciaartificial #edtech https://t.co/LIdfofNjLY","","","",""
"1866162646250058088","69471255","0","0","0","0","0","11","1866162646250058088","2024-12-09T16:47:01.000Z","🎥✨ ¡La nueva función de @canva te sorprenderá! 🎨💬\nConócela aquí: https://t.co/Af6uxA3Aci\nObtén una cuenta gratis de Canva aquí: https://t.co/oFdqnik90H\n#docentes #maestros #profesores #innovación #tecnologia #innovacióneducativa #Tics #inteligenciaartificial #edtech https://t.co/N2E7NoUuDb","","","",""
"1866162502649745669","1610124491673190400","0","0","0","0","0","1","1866162502649745669","2024-12-09T16:46:26.000Z","💻RTOS - Tecno-Acrónimo\n\nInvítame un café:\nhttps://t.co/Nt8sLZGCk4\n\n#rtos #tecnologia #tecnoacronimo #tech #geektok #hardware #software #redes #sistemas #darkentech https://t.co/rIfzziLU2f","","","",""
"1866162387436397046","1489623363324628993","0","0","0","0","0","4","1866162387436397046","2024-12-09T16:45:59.000Z","¡No te pierdas el episodio completo! 🎧En la última entrevista, Nicolás Leal nos contó sobre cómo dio el salto de ser una agencia a crear una empresa tecnológica dedicada al cross border e-commerce. 🚀 #crossborder #tecnología #marketplaces #retail #elclubdelretail https://t.co/iO7rUIV9Cn","","","",""
"1866162340590236017","1300062986","0","0","0","0","0","5","1866162340590236017","2024-12-09T16:45:48.000Z","¿Sabías que entrenar una IA comienza con datos y mucha matemática? 🤖💡 Descubre cómo estas herramientas se hacen tan inteligentes. 🚀 ¿Qué tipo de IA entrenarías? 🧠👇 #IA #Tecnología #InteligenciaArtificial #Innovación #Futuro https://t.co/Mwohmzgrxa","","","",""
"1866161865262301218","586572148","1","0","0","0","0","0","1866161865262301218","2024-12-09T16:43:54.000Z","RT @RevistaSemana: #Tecnología | El truco ‘secreto’ en YouTube para encontrar videos antiguos y revivir la infancia.\nhttps://t.co/i5H7fUUaWS","","","",""
"1866161808391753878","606717807","1","0","0","0","0","0","1866161808391753878","2024-12-09T16:43:41.000Z","RT @Innovaspain: Hablamos con la ingeniera electrónica Isabel García, cofundadora y CEO de @_bleta, la empresa que ha desarrollado una #tab…","","","",""
"1866161559086436535","1858913008690274304","0","0","0","0","0","9","1866161559086436535","2024-12-09T16:42:41.000Z","En AVINT, estamos revolucionando la industria con IA 🤖 y IIoT 🌐. ¡Descubre cómo nuestras soluciones pueden transformar tu negocio! 🚀 \n\n#Industria40 #Innovación #Tecnología #TransformaciónDigital #AVINT https://t.co/p1IUdOTO2v","","","",""
"1866161476223799523","1068904292470456321","0","0","2","0","0","55","1866161476223799523","2024-12-09T16:42:22.000Z","Si hablamos de automóviles, «power train» se traduce por «sistema motopropulsor».\n\nhttps://t.co/pG9RFxeob8\n\n#rae #Gramática #hablamosespañol #anglicismo #España #castellano #opinión #tecnología #noticias #gh #design #redessociales #9dediciembre #team #inglés #felizlunes #rey https://t.co/Z4PX9lOdF3","","","",""
"1866161073411543408","2703634992","0","0","0","0","0","34","1866161073411543408","2024-12-09T16:40:46.000Z","Esta Navidad, el regalo perfecto está a un clic de distancia. ¡Encuéntralo en Kimovil!\n\n👯‍♂️ Compara.\n🎁 Regala.\n💶 Ahorra.\n\nCompara más y acierta seguro en 👉 https://t.co/xw7lXhLDTs\n\n#Kimovil #Navidad #RegalosPerfectos #Regalo #RegaloNavidad #Smartphones #Móviles #Tecnología https://t.co/HcGNDKTKYw","","","",""
"1866160943907934688","1418667864861691912","0","0","0","0","0","0","1866160943907934688","2024-12-09T16:40:15.000Z","RT @wwwhatsnew: ¡El supercomputador Frontier logra la simulación más compleja del cosmos! Este avance redefine cómo comprendemos el univers…","","","",""
"1866160921972015446","1418667864861691912","1","0","0","0","0","0","1866160921972015446","2024-12-09T16:40:10.000Z","RT @wwwhatsnew: ¡Copilot+ de Microsoft llega a PCs con Intel y AMD! La IA generativa transforma tu experiencia. ¡Descubre lo que trae para…","","","",""
"1866160895174353312","1418667864861691912","1","0","0","0","0","0","1866160895174353312","2024-12-09T16:40:03.000Z","RT @wwwhatsnew: Los cables submarinos son el camino de nuestras comunicaciones, ¡pero son vulnerables! Necesitamos mejores soluciones de pr…","","","",""
"1866160883145330791","14917589","0","0","0","0","0","897","1866160883145330791","2024-12-09T16:40:00.000Z","#Tecnología | El mercado de Venture Capital en México experimentó un crecimiento impresionante en 2024, alcanzando un total de 1,522 millones de dólares invertidos. 🆙 https://t.co/ZkMn8q1mPp","","","",""
"1866160882155176105","428513442","1","0","1","0","0","55","1866160882155176105","2024-12-09T16:40:00.000Z","Hablamos con la ingeniera electrónica Isabel García, cofundadora y CEO de @_bleta, la empresa que ha desarrollado una #tablet diseñada para las personas mayores.\n✅""Somos ingenieros enamorados de la #tecnología y no queremos dejar a nadie atrás"".\n\nhttps://t.co/pYE0MIN1gz","","","",""
"1866160865348661743","1418667864861691912","0","0","0","0","0","0","1866160865348661743","2024-12-09T16:39:56.000Z","RT @wwwhatsnew: ¡Google lo vuelve a hacer! 🎉 Presenta PaliGemma 2, un modelo avanzado que revoluciona la visión y el lenguaje. 🌟 Transforma…","","","",""
"1866160715179921831","515864142","0","0","0","0","0","20","1866160715179921831","2024-12-09T16:39:20.000Z","La tecnología de #FIXSTATUS llevará tu taller mecánico a otro nivel\n\nhttps://t.co/8gm2JhT11c \n\n#Autos #Automóviles #Carros #Talleres #Tecnologia https://t.co/ijLHPPQQbi","","","",""
"1866160480332509276","1467531224633778177","0","0","0","0","0","1","1866160480332509276","2024-12-09T16:38:24.000Z","MANUFACTURING BAGS IN ITALY 💘 #innovations #tradition #craft #handbags #tecnologia #handmade https://t.co/WKv9ziJzLT","","","",""
"1866160394298957971","1009027253190131712","0","0","1","0","0","7","1866160394298957971","2024-12-09T16:38:04.000Z","LG webOS: nuovi giochi con telecomando puntatore\n#CuttheRope #Gaming #Intrattenimento #LG #Notizie #Novità #SmartTV #SmartTVLG #SpongeBobSquarePants #Tecnologia #TelecomandoPuntatore #ThiefPuzzle #Videogiochi #WebOS\nhttps://t.co/Nf7fAYrrIj https://t.co/wZO4fksNHz","","","",""
"1866159914982179144","903577793874800640","0","0","0","0","0","6","1866159914982179144","2024-12-09T16:36:09.000Z","💻La última mesa redonda de #emergentes24 aborda cómo la tecnología puede ser clave para la inclusión y la accesibilidad laboral de personas con discapacidad. 🗣️""La brecha digital es una realidad"", afirma Javier de Oña, @FundacionIntegralia #Diversidad #Tecnología #Accesibilidad https://t.co/NICAcDSsCX","","","",""
"1866159901975658976","1847721813754748928","0","0","0","0","0","0","1866159901975658976","2024-12-09T16:36:06.000Z","Ouro vs Bitcoin: Propriedades e Vantagens Inesperadas\n#Ouro #Bitcoin #AtivosEscassos #FinançasDigitais #EconomiaDigital #Investimento #Tecnologia #Criptomoeda #PropriedadesDoOuro #ComparaçãoFinanceira https://t.co/GajUzaieML","","","",""
"1866159698249937125","1481350975587762178","0","0","0","0","0","8","1866159698249937125","2024-12-09T16:35:18.000Z","OpenAI lanza el modelo 01 con menos errores y ChatGPT Pro por $200/mes, brindando acceso ilimitado a sus herramientas avanzadas. ¿Listo para aprovecharlo? 🤖💻 #OpenAI #IA #Tecnología #ChatGPTPro https://t.co/4r7PQeImdO","","","",""
"1866159372075741682","248602630","0","0","0","0","0","14","1866159372075741682","2024-12-09T16:34:00.000Z","🚀 No te pierdas esta oportunidad de conocer la última innovación en almacenamiento externo.\n\nVelocidad NVMe extrema\nConectividad Thunderbolt\nDiseño compacto y robusto\n\n📅 11/12/2025 - 12:00 h\n🔗 Link de registro: https://t.co/ZkWgPyJNCs\n\n#Iodyne #Almacenamiento #Tecnología","","","",""
"1866159216412508426","1862580050001862656","0","0","0","0","0","0","1866159216412508426","2024-12-09T16:33:23.000Z","#cozinhas #futuro #tecnologia","","","",""
"1866158948707099019","2786243988","0","0","0","0","0","4","1866158948707099019","2024-12-09T16:32:19.000Z","problematizzazione\n@marketingpolit3\n1'abetaia,questa #appassionata  vita fuori dall'ordinario, senza l'aiuto della #tecnologia,1'esistenza elementare, governata dai ritmi del #sole e delle stagioni,dove vita #cuore danzano insieme 1ambiente primitivo fatto di #sangue,legno, fuoco https://t.co/zBSCZznTo3","","","",""
"1866158568472232384","1481032562655039492","7","0","0","0","0","0","1866158568472232384","2024-12-09T16:30:48.000Z","RT @andrecostausa: 💸 Seu Bitcoin pode valer 200 mil ou mais. Está preparado para o futuro das criptomoedas? Confira essa dica do Renato 38t…","","","",""
"1866158369494729036","376575536","0","0","0","0","0","1","1866158369494729036","2024-12-09T16:30:01.000Z","#NubeHíbrida | La nube híbrida está revolucionando la forma en que las empresas gestionan sus recursos digitales. 🌐 \n\nDale like y síguenos para ver más contenido como este.\n\n#Cloud #Nube #Empresas #Tecnología #Organizaciones #NubePública #NubePrivada https://t.co/mSqJn88toe","","","",""
"1866158347348812186","1725717052378202112","0","0","0","0","0","3","1866158347348812186","2024-12-09T16:29:56.000Z","Increíble!!! He creado un podcast con avatares de IA que te harán reflexionar!!! 🤯💻🎙️🔥\nhttps://t.co/CXndcBtL8U\n#IA #InteligenciaArtificial #Tecnología #Innovación #Futuro #Avatares #Podcast   #TecnologíaEmergente #ImpactoIA","","","",""
"1866157965029278096","2786243988","0","0","0","0","0","4","1866157965029278096","2024-12-09T16:28:25.000Z","1'abetaia, questa sincera e #appassionata  vita fuori dall'ordinario, senza l'aiuto della moderna #tecnologia, un'esistenza elementare, governata dai ritmi del #sole e delle stagioni,dove vita e #cuore danzano insieme in 1ambiente primitivo fatto di #sangue, legno, acqua e fuoco https://t.co/EMu8j6feIr","","","",""
"1866157432986083430","113625110","0","1","0","0","0","6","1866157432986083430","2024-12-09T16:26:18.000Z","🔺 Alan Turing: Matemático y criptógrafo, considerado padre de la #informatica teórica. Su máquina sentó las bases de los ordenadores actuales.\n\n#diadelainformatica #tecnologia","","","",""
"1866157272377794833","618254752","0","0","0","0","0","11","1866157272377794833","2024-12-09T16:25:39.000Z","#SinCortapisa Día Mundial de la Informática.\n\nLEA MÁS 👉https://t.co/tfzNMdv04d\n\n#DíaMundialdelaInformática #Tecnología #Informatica https://t.co/ORvJACy93U","","","",""
"1866157173044281366","192470337","9","0","0","0","0","0","1866157173044281366","2024-12-09T16:25:16.000Z","RT @ilustrador: 3,5 minutos en llegar a la cumbre a cubrir una emergencia, mi sueño de infancia 😱✨\n\n#felizlunes #BuenasNoches #tecnologia h…","","","",""
"1866157134620074166","113625110","0","1","0","0","0","10","1866157134620074166","2024-12-09T16:25:07.000Z","🔺 Hedy Lamarr: Actriz de Hollywood, su trabajo en la Segunda Guerra Mundial llevó a la creación del espectro ensanchado, una #tecnologia que hoy es base para el Wi-Fi, el Bluetooth y el GPS.\n\n#ventasb2b #b2b","","","",""
"1866156978415804645","1388999527391285253","0","0","0","0","0","6","1866156978415804645","2024-12-09T16:24:29.000Z","Webinar de ITIL4 Online e Gratuito da Ka Solution\n\nhttps://t.co/gioBuqqOr1\n\n #agile #cursosgratuitos #devops #gestao #tecnologia #tecnologiadainformacao\nhttps://t.co/gioBuqqOr1","","","",""
"1866156933566054440","1527274027798212608","0","0","1","0","0","3","1866156933566054440","2024-12-09T16:24:19.000Z","HTML y HTML5 son muy diferentes.\nAunque #HTML fue el punto de partida para las páginas web, #HTML5 trajo un cambio significativo para la web moderna, desde soporte multimedia hasta herramientas para #apps.\n\n#Digitechfp #programación #programaciónweb #tecnología #programadorweb https://t.co/RRGNejnTYu","","","",""
"1866156899206373852","50475393","0","0","0","0","0","183","1866156899206373852","2024-12-09T16:24:10.000Z","➡️ Los relojes Aquis de Oris llega a Eurochronos: diseño innovador, #tecnología avanzada y un firme compromiso con el #MedioAmbiente. ⌚ ⭐  Más detalles en #NacionalesLR👇 \nhttps://t.co/wN7lxTjqAi","","","",""
"1866156778511081584","113625110","0","1","0","0","0","11","1866156778511081584","2024-12-09T16:23:42.000Z","💻 En el Día de la #Informática, dedico este homenaje a las mentes brillantes que allanaron el camino hacia la #tecnología que usamos hoy en el día a día. Algunos nombres que vale la pena recordar:\n\n(abro hilo) https://t.co/o61h0WgWHp","","","",""
"1866156776141300023","17010351","0","1","0","0","0","35","1866156776141300023","2024-12-09T16:23:41.000Z","✅ ¿Cómo elegir el CRM perfecto para tu empresa?\n\n➡️ https://t.co/3dWrePtB7y\n\n#Zoho #CRM #Empresas #Pymes #Gestión #Privacidad #Tecnología #Negocios #Noticias #Technology #Business #News #T21 @Zoho_Latam @Zoho","","","",""
"1866156372024504523","1844108573258776576","0","0","0","0","0","4","1866156372024504523","2024-12-09T16:22:05.000Z","@spacesudoer Incrível ver a escala do Propulsor SuperHeavy em comparação aos humanos! 🚀 Isso realmente coloca em perspectiva o tamanho do futuro da exploração espacial. 🌌 O que vocês acham? Estaremos prontos para alcançar novas fronteiras em breve? #ExploraçãoEspacial #Tecnologia #SpaceX","","","",""
"1866156133309956560","1635697673444392982","0","0","0","0","0","1","1866156133309956560","2024-12-09T16:21:08.000Z","Un sistema revolucionario transforma excedentes en electricidad usando bloques de concreto. Energía renovable más eficiente, segura y sostenible.\n#EnergíaRenovable #Innovación #FuturoLimpio #Tecnología https://t.co/q7UdJsbGYT","","","",""
"1866155874915393670","1862327998650703872","5","0","0","0","0","0","1866155874915393670","2024-12-09T16:20:06.000Z","RT @hardfanaticos: Nuestra recomendación de televisor para estas navidades con TCL de la mano de @TCL_Global vía @linkdehacendado  \n\nhttps:…","","","",""
"1866155866581311822","1862326572084076544","5","0","0","0","0","0","1866155866581311822","2024-12-09T16:20:04.000Z","RT @hardfanaticos: Nuestra recomendación de televisor para estas navidades con TCL de la mano de @TCL_Global vía @linkdehacendado  \n\nhttps:…","","","",""
"1866155840224497843","1163946511690063873","0","0","0","0","0","14","1866155840224497843","2024-12-09T16:19:58.000Z","Las noticias más 🔥 de la semana del  06 - 09 de diciembre ya están aquí. 🌟 Descubre lo último en el mundo Fintech en https://t.co/wmvJWh9CDX (link en bio) 👈\n\n🌐 ¡No te pierdas nada! 🚀📈\n\n#Fintech #Noticias #Innovación #Tecnología #DíaFintech https://t.co/wZMvGC4XPE","","","",""
"1866155799048819063","240771194","3","0","0","0","0","0","1866155799048819063","2024-12-09T16:19:48.000Z","RT @EvidenciaLa: ° @Accenture_MX  Inaugura GEN AI Studios en Ciudad de México #innovacion  #IAGenerativa Jorge Castilla, CEO de #Accenture…","","","",""
"1866155468327899473","3147722484","0","0","0","0","0","16","1866155468327899473","2024-12-09T16:18:29.000Z","💻📱 ¡No esperes más y sé parte de la transformación digital del sector de seguros!\n\nContáctanos por #WhatsApp al 8118031414 y conoce nuestras soluciones tecnológicas que llevarán tu negocio de seguros al siguiente nivel\n #tecnología #negocio #seguros #innovación https://t.co/UmgrFEuZQr","","","",""
"1866155376804045130","18079284","1","0","4","1","0","1648","1866155376804045130","2024-12-09T16:18:07.000Z","#Tecnología | El truco ‘secreto’ en YouTube para encontrar videos antiguos y revivir la infancia.\nhttps://t.co/i5H7fUUaWS","","","",""
"1866155321485369860","3406826223","0","0","0","0","0","2","1866155321485369860","2024-12-09T16:17:54.000Z","Noticias sobre #tecnología #gadgets #móviles #smartphones #ofertas #compraonline #chollos y cosas #gratis en internet. Estamos en https://t.co/6t5YT1J9VR\n\n https://t.co/gTpQdEAHHI","","","",""
"1866155098637799772","1862323475739811840","67","0","0","0","0","0","1866155098637799772","2024-12-09T16:17:01.000Z","RT @t3maglat: 🔝🎥 ¿Buscas la mejor calidad en proyección? El nuevo #HisenseC2Ultra ofrece imágenes en 4K, #tecnología de punta y diseño prem…","","","",""
"1866154666238922905","158827986","0","1","0","0","0","28","1866154666238922905","2024-12-09T16:15:18.000Z","En el caso del Nasdaq 100, tuvo un desempeño de +3.3%, muy similar al rendimiento del sector de #Tecnologia. Por su parte, el Dow Jones experimentó una caída de -0.6%, rompiendo una racha de dos semanas al alza. #InversionesAM","","","",""
"1866154657858605461","158827986","0","1","0","0","0","8","1866154657858605461","2024-12-09T16:15:16.000Z","En particular, #Tecnología (+3.3%), #Comunicación (+4.1%) y #ConsumoDiscrecional (+5.9%) fueron los únicos que terminaron en terreno positivo, beneficiándose de la elevada exposición que poseen a las empresas de mega capitalización. #InversionesAM","","","",""
"1866154568100221149","1862323813268000768","5","0","0","0","0","0","1866154568100221149","2024-12-09T16:14:55.000Z","RT @hardfanaticos: Nuestra recomendación de televisor para estas navidades con TCL de la mano de @TCL_Global vía @linkdehacendado  \n\nhttps:…","","","",""
"1866154454162313239","1862326288880443392","5","0","0","0","0","0","1866154454162313239","2024-12-09T16:14:28.000Z","RT @hardfanaticos: Nuestra recomendación de televisor para estas navidades con TCL de la mano de @TCL_Global vía @linkdehacendado  \n\nhttps:…","","","",""
"1866154338235924719","1424845650886266882","0","0","0","0","0","5","1866154338235924719","2024-12-09T16:14:00.000Z","Consigue tu cable de fibra óptica con nosotros👷‍♀️👷‍♂️\n\nContáctanos para más información:\n☎️ (800) 999 1531\n📲 55 7431 1644\n📨 ventas@fibramarket.com\n🌐 https://t.co/2wxXsuVsm3\n\n#fibraoptica #telecom #tecnologica #ingenieros #instaladores #herramientas #tecnologia #cableado  #cable https://t.co/6z7uamizKX","","","",""
"1866154086107906256","1862326228482404352","5","0","0","0","0","0","1866154086107906256","2024-12-09T16:13:00.000Z","RT @hardfanaticos: Nuestra recomendación de televisor para estas navidades con TCL de la mano de @TCL_Global vía @linkdehacendado  \n\nhttps:…","","","",""
"1866153772591817117","413395509","0","0","0","0","0","7","1866153772591817117","2024-12-09T16:11:45.000Z","¿Sabías que entrenar una IA comienza con datos y mucha matemática? 🤖💡 Descubre cómo estas herramientas se hacen tan inteligentes. 🚀 ¿Qué tipo de IA entrenarías? 🧠👇 #IA #Tecnología #InteligenciaArtificial #Innovación #Futuro https://t.co/gk2awu5ELD","","","",""
"1866153533793337776","480504416","1","0","0","0","0","0","1866153533793337776","2024-12-09T16:10:48.000Z","RT @aecspain: 📢 Claves para el futuro empresarial: En marco del Día de la Consultoría, líderes de @AccentureSpain, @AyesaNews, @Capgemini_E…","","","",""
"1866153428847612355","1269013423892967427","0","0","0","0","0","5","1866153428847612355","2024-12-09T16:10:23.000Z","ℹ #Noticias #Tecnología |  Las caídas de servicios digitales, como Facebook y WhatsApp, evidenciaron en 2024 la fragilidad de nuestra dependencia tecnológica, afectando gravemente a México y América Latina.  #comentariodeldía https://t.co/wMG6Fe7lHJ","","","",""
"1866153095488495769","1009027253190131712","0","0","0","0","0","31","1866153095488495769","2024-12-09T16:09:04.000Z","Samsung XR: nuovi occhiali smart con produzione limitata\n#AI #Android #GadgetTech #Google #Lancio #Leak #Novità #OcchialiSmart #Produzione #Qualcomm #RealtàAumentata #RealtàMista #Rumors #Samsung #SamsungXR #SmartDevice #SmartGlasses #Tecnologia\nhttps://t.co/paIaHqJary https://t.co/8AKwvSczVz","","","",""
"1866152686854267093","25059727","1","0","0","0","0","0","1866152686854267093","2024-12-09T16:07:26.000Z","RT @42UrdulizFTef: Hoy @EstiLeon , Directora de #42UrdulizFTef , ha acudido a @HoyPorHoy @SEReuskadi 📻 junto a los estudiantes dbonilla y b…","","","",""
"1866152357613965750","1841525580619284480","0","0","0","0","0","7","1866152357613965750","2024-12-09T16:06:08.000Z","¡Gran oferta en el Monitor Philips 23.8"" LED IPS USB-C! 🌟  \nValoración: más de 4,64  \n¡Aprovecha un descuento de hasta el -50%!  \nAhora por 129,99€ (antes 259,89€)  \nMás info aquí 👉 https://t.co/f7eVDxcXC9  \n#Ofertas #Tecnología #Descuento","","","",""
"1866152258896789533","346870441","0","0","0","0","0","12","1866152258896789533","2024-12-09T16:05:44.000Z","👩‍🍳✨ Muchas veces la magia de la Navidad está en cada receta compartida. 🎄El buen uso de la tecnología conserva el espíritu de la época ‼️💻🥧\n\n#NavidadEnFamilia #RecetasConAmor #FelizLunes #tecnología #TransformaciónDigital https://t.co/Yz4qTMTFJN","","","",""
"1866151690497331422","3406826223","0","0","0","0","0","2","1866151690497331422","2024-12-09T16:03:29.000Z","Noticias sobre #tecnología #gadgets #móviles #smartphones #ofertas #compraonline #chollos y cosas #gratis en internet. Estamos en https://t.co/6t5YT1J9VR\n\n https://t.co/UfBDrFbHhZ","","","",""
"1866151511769649502","1834814228357697536","0","0","0","0","0","20","1866151511769649502","2024-12-09T16:02:46.000Z","A ‘Mariah Carey Gerada por IA’ Prova que Nunca Estaremos Livres da Rainha do Natal\n\n#MariahCarey #InteligenciaArtificial #CulturaPop #Música #Spotify #Tecnologia #ArteDigital #IA #Hologramas #Futuro\n\nhttps://t.co/BLrWmT45qQ","","","",""
"1866151506811969921","2863951539","1","0","0","0","0","0","1866151506811969921","2024-12-09T16:02:45.000Z","RT @eurotux: 🏆✨ Eurotux é distinguida com o estatuto de PME Líder 2024! 🎉\n\nÉ com grande orgulho que anunciamos que a Eurotux renovou o seu…","","","",""
"1866151497135751527","1782238800288137216","0","0","0","0","0","3","1866151497135751527","2024-12-09T16:02:42.000Z","Novidades em IA: ElevenLabs lança serviço de IA conversacional revolucionário 🌟\n\nSistema integra diversos LLMs e vozes especializadas para criar agentes conversacionais mais naturais. \n\nComo você imagina o futuro da interação humano-máquina?\n\n#InteligenciaArtificial #Tecnologia","","","",""
"1866151363815575724","1808049209649528832","0","0","0","0","0","9","1866151363815575724","2024-12-09T16:02:11.000Z","🐮 En España.  Con una población de 7 millones de cabezas de ganado, unas 835.000 son lecheras, que abastecen el mercado lácteo, y unas 6.165.000 están destinadas a la producción de carne. 🥛🥩\n\n#ganadería #agricultura #talento #personas #tecnología #Innovación https://t.co/aIQsE99XjD","","","",""
"1866151344530223368","844267383007019008","0","0","0","0","0","12","1866151344530223368","2024-12-09T16:02:06.000Z","🤖 ¿Cómo puede la #InteligenciaArtificial contribuir al #DesarrolloSostenible y proteger los #DerechosHumanos? El Dr. Hadar Moreno Valdez desglosa la nueva resolución de la ONU sobre IA en nuestra edición 51. 🌍💻\n\n🔗 Lee más: https://t.co/rMV8oTsx9U\n#IA #Tecnología #Innovación https://t.co/qlpuNh76Tb","","","",""
"1866151307960111285","221912354","0","0","1","0","0","2","1866151307960111285","2024-12-09T16:01:57.000Z","🚀💡 Con las válvulas #filtro de #VAMEX, no solo proteges tu sistema, sino que también optimizas la operación. El diseño interno atrapa impurezas y asegura el máximo rendimiento de las instalaciones hidráulicas.\n#EficienciaHidráulica #MantenimientoIndustrial #Tecnología https://t.co/ZtZZiPjfwV","","","",""
"1866151284052566201","917977486566313985","0","0","0","0","0","16","1866151284052566201","2024-12-09T16:01:52.000Z","🤖 ¿Cómo puede la #InteligenciaArtificial contribuir al #DesarrolloSostenible y proteger los #DerechosHumanos? El Dr. Hadar Moreno Valdez desglosa la nueva resolución de la ONU sobre IA en nuestra edición 51. 🌍💻\n\n🔗 Lee más: https://t.co/erTS9jGnac\n#IA #Tecnología #Innovación https://t.co/MU5x3Qs8um","","","",""
"1866151163273322598","1844417012514144270","0","0","0","0","0","7","1866151163273322598","2024-12-09T16:01:23.000Z","Incrível a arrancada do Tesla Cybertruck! 💨 O que achou dessa máquina deixando a Lamborghini pra trás? Comente aqui e diga sua opinião!\n.\n.\n.\n.\n#tecnologia #inovação #futuro #tesla #lambo \n#diadiatec #tecnologiadodiaadia #carros https://t.co/UDHE9FS4Dx","","","",""
"1866151153685217512","1747827378980593664","0","0","0","0","0","6","1866151153685217512","2024-12-09T16:01:21.000Z","#AnálisisDeDatos\n#BigData\n#EconomíaGlobal\n#Tecnología\n#InteligenciaArtificial\n#TendenciasGlobales\n#Estadísticas\n#TransformaciónDigital\n#DesarrolloSostenible\n#DataScience\n#Innovación\n#CienciaYTecnología\n#EstudiosGlobales\n#FuturoDigital\n#PolíticaGlobal https://t.co/vrd59m6Kug","","","",""
"1866151152317804664","1854274916339609613","0","0","0","0","0","1","1866151152317804664","2024-12-09T16:01:20.000Z","¿Puede la Inteligencia Artificial Crear Intimidad Real?\n#InteligenciaArtificial #ConexiónHumana #Tecnología #Emociones #Relaciones #CienciaYVida #FuturoDigital #ImpactoTecnológico #Reflexiones #VidaInteligente https://t.co/KavRII0OnS","","","",""
"1866151058197696955","880564220206620673","0","0","0","0","0","2","1866151058197696955","2024-12-09T16:00:58.000Z","🤖 ¿Cómo puede la #InteligenciaArtificial contribuir al #DesarrolloSostenible y proteger los #DerechosHumanos? El Dr. Hadar Moreno Valdez desglosa la nueva resolución de la ONU sobre IA en nuestra edición 51. 🌍💻\n\n🔗 Lee más: https://t.co/Q68YQdIxtb\n#IA #Tecnología #Innovación https://t.co/TeazKIIE3B","","","",""
"1866151047191839164","2455929025","0","0","0","0","0","12","1866151047191839164","2024-12-09T16:00:55.000Z","🤖 ¿Cómo puede la #InteligenciaArtificial contribuir al #DesarrolloSostenible y proteger los #DerechosHumanos? El Dr. Hadar Moreno Valdez desglosa la nueva resolución de la ONU sobre IA en nuestra edición 51. 🌍💻\n\n🔗 Lee más: https://t.co/RJU638XzQn\n#IA #Tecnología #Innovación https://t.co/88BOzCGTNN","","","",""
"1866151042251186404","1844417012514144270","0","0","0","0","0","8","1866151042251186404","2024-12-09T16:00:54.000Z","O plástico bolha está com os dias contados! Agora a espuma expansiva é a solução: protege e acomoda qualquer produto com perfeição. Já conhecia? Comente!\n.\n.\n.\n.\n#tecnologia #inovação #futuro #correios #shopee\n#diadiatec #tecnologiadodiaadia https://t.co/PWKAeIWEVG","","","",""
"1866151000471425227","580858509","0","0","0","0","0","1","1866151000471425227","2024-12-09T16:00:44.000Z","🔋✨ ¡Descubre el Nomad Stand One Max! La base de carga Qi2 que redefine la forma de cargar tus dispositivos. Eficiencia y estilo en un solo lugar. ¿Te lo vas a perder? #CargaRápida #Tecnología https://t.co/j6XUtKIwXC","","","",""
